<?xml version="1.0" encoding="UTF-8"?>
<!DOCTYPE mapper
	PUBLIC "-//mybatis.org//DTD Mapper 3.0//EN"
	"http://mybatis.org/dtd/mybatis-3-mapper.dtd">
	
<mapper namespace="com.study.springboot.dao.ISimpleBbsDao">

	<select id="listDao" resultType="com.study.springboot.dto.SimpleBbsDto">
		select * from bbs_YT order by id desc
	</select>	
	
	<select id="viewDao" resultType="com.study.springboot.dto.SimpleBbsDto">
		select * from bbs_YT where id = #{0}
	</select>
	
	<insert id="writeDao" parameterType="java.util.HashMap">
		insert into bbs_YT (id, writer, title, content, hit)
			values (bbs_YT_seq.nextval, #{item1}, #{item2}, #{item3}, 0)
	</insert>
	
	<insert id="joinNaver" parameterType="java.util.HashMap">
		insert into SNS_INFO (user_num, sns_id, sns_type, sns_name, sns_nickname, grade)
			values (user_YT_seq.nextval, #{item1}, 'Naver', #{item2}, #{item4}, 'normal')
			<!-- id name email nickname -->
	</insert>
	
	<insert id="modifyDao" parameterType="java.util.HashMap">
		update bbs_YT set title=#{item1}, content=#{item2}
			where id = #{item3}
	</insert>
	
	<delete id="deleteDao">
		delete from bbs_YT where id = #{_id}
	</delete>
	
	<select id="articleCount" resultType="_int">
		select count(*) from bbs_YT
	</select>
</mapper>