<?xml version="1.0" encoding="UTF-8"?>
<!DOCTYPE mapper
	PUBLIC "-//mybatis.org//DTD Mapper 3.0//EN"
	"http://mybatis.org/dtd/mybatis-3-mapper.dtd">
	
<mapper namespace="com.study.springboot.dao.ItNoticeDao">
	<select id="noticeList" resultType="com.study.springboot.dto.NoticeDto" parameterType="java.util.HashMap">
		select * from (select rownum num, A.* from (select * from bbs_notice 
			order by id desc) A where #{item2} >= rownum ) B where B.num >= #{item1}
	</select>
	
	<insert id="noticeWrite" parameterType="java.util.HashMap">
		insert into bbs_Notice (id, writer, title, content, hit)
			values (bbs_Notice_seq.nextval, #{item1}, #{item2}, #{item3}, 0)
	</insert>
	
	<insert id="upHit">
		update bbs_YT set hit=hit+1 where id = #{0}
	</insert>
	
	<select id="noticeCount" resultType="_int">
		select count(*) from bbs_notice
	</select>
	
	
	
</mapper>