<?xml version="1.0" encoding="UTF-8"?>
<!DOCTYPE mapper
	PUBLIC "-//mybatis.org//DTD Mapper 3.0//EN"
	"http://mybatis.org/dtd/mybatis-3-mapper.dtd">
	
<mapper namespace="com.study.springboot.dao.ISimpleBbsDao">

	<select id="listDao" resultType="com.study.springboot.dto.SimpleBbsDto" parameterType="java.util.HashMap">
		select * from (select rownum num, A.* from (select * from bbs_yt 
			order by id desc) A where #{item2} >= rownum ) B where B.num >= #{item1}
	</select>
	
	<select id="goodslistDao" resultType="com.study.springboot.dto.GoodsDto" parameterType="java.util.HashMap">
		select * from (select rownum num, A.* from (select * from bbs_goods 
			order by id desc) A where #{item2} >= rownum ) B where B.num >= #{item1}
	</select>
	
	<select id="replylistDao" resultType="com.study.springboot.dto.ReplyDto">
		select * from bbs_reply where contentid = #{0}
	</select>
	
	<select id="searchDaoT" resultType="com.study.springboot.dto.SimpleBbsDto">
		select * from bbs_YT where title like #{0}
	</select>
	
	<select id="searchDaoC" resultType="com.study.springboot.dto.SimpleBbsDto">
		select * from bbs_YT where content like #{0}
	</select>
	
	<select id="viewDao" resultType="com.study.springboot.dto.SimpleBbsDto">
		select * from bbs_YT where id = #{0}
	</select>
	
	<select id="goodsviewDao" resultType="com.study.springboot.dto.GoodsDto">
		select * from bbs_goods where id = #{0}
	</select>
	
	<select id="finduserDao" resultType="com.study.springboot.dto.UserDto">
		select * from user_yt where id = #{0}
	</select>
	
	<insert id="upHit">
		update bbs_YT set hit=hit+1 where id = #{0}
	</insert>
	
	<insert id="upHit_g">
		update bbs_goods set hit=hit+1 where id = #{0}
	</insert>
	
	<insert id="writeDao" parameterType="java.util.HashMap">
		insert into bbs_YT (id, writer, title, content, hit)
			values (bbs_YT_seq.nextval, #{item1}, #{item2}, #{item3}, 0)
	</insert>
	
	<insert id="writegoodsDao" parameterType="java.util.HashMap">
		insert into bbs_goods (id, writer, title, content, price)
			values (bbs_goods_seq.nextval, #{item1}, #{item2}, #{item3}, #{item4})
	</insert>
	
	<insert id="writereplyDao" parameterType="java.util.HashMap">
		insert into bbs_reply (id, contentid, writer, content)
			values (bbs_reply_seq.nextval, #{item1}, #{item2}, #{item3})
	</insert>
	
	<insert id="modifyDao" parameterType="java.util.HashMap">
		update bbs_YT set title=#{item1}, content=#{item2}
			where id = #{item3}
	</insert>
	
	<delete id="deleteDao">
		delete from bbs_YT where id = #{_id}
	</delete>
	
	<delete id="deletereplyDao">
		delete from bbs_reply where id = #{_id}
	</delete>
	
	<select id="articleCount" resultType="_int">
		select count(*) from bbs_YT
	</select>
	
	<select id="goodsarticleCount" resultType="_int">
		select count(*) from bbs_goods
	</select>
</mapper>